path	packaging	category	owner	reason
Application/AccountSecurityEmail/Email.hs	production	runtime	Main	Reachable from Main
Application/AccountSecurityEmail/Enqueue.hs	production	runtime	Main	Reachable from Main
Application/AccountSecurityEmail/Mutations.hs	production	runtime	Main	Reachable from Main
Application/AccountSecurityEmail/TokenCipher.hs	production	runtime	Main	Reachable from Main
Application/AccountSecurityEmail/Types.hs	production	runtime	Main	Reachable from Main
Application/Architecture/Contracts.hs	development	build-tooling	-	Generator or architecture tooling outside deployed runtime closure
Application/Async/Boundary.hs	production	runtime	Main	Reachable from Main
Application/Async/Error.hs	production	runtime	Main	Reachable from Main
Application/Async/Payload.hs	production	runtime	Main	Reachable from Main
Application/Async/Queue.hs	production	runtime	Main	Reachable from Main
Application/Async/Registry.hs	production	runtime	Main	Reachable from Main
Application/Bepis/Action.hs	production	runtime	Main	Reachable from Main
Application/Bepis/Architecture.hs	production	runtime	Main	Reachable from Main
Application/Bepis/Controller.hs	production	runtime	Main	Reachable from Main
Application/Bepis/Fact.hs	production	runtime	Main	Reachable from Main
Application/Bepis/Prelude.hs	production	runtime	Main	Reachable from Main
Application/Bepis/Response.hs	production	runtime	Main	Reachable from Main
Application/Billing/Checkout.hs	production	runtime	Main	Reachable from Main
Application/Billing/NotificationEmail.hs	production	runtime	Main	Reachable from Main
Application/Billing/NotificationKind.hs	production	runtime	Main	Reachable from Main
Application/Billing/Notifications.hs	production	runtime	Main	Reachable from Main
Application/Billing/Persistence.hs	production	runtime	Main	Reachable from Main
Application/Billing/Reconciliation.hs	production	runtime	Main	Reachable from Main
Application/Billing/Stripe.hs	production	runtime	Main	Reachable from Main
Application/Billing/Webhook.hs	production	runtime	Main	Reachable from Main
Application/EmailDelivery.hs	production	runtime	Main	Reachable from Main
Application/EmailDelivery/Enqueue.hs	production	runtime	Main	Reachable from Main
Application/EmailDelivery/Persistence.hs	production	runtime	Main	Reachable from Main
Application/Error/Boundary.hs	production	runtime	Main	Reachable from Main
Application/Error/Domain.hs	production	runtime	Main	Reachable from Main
Application/Error/Foundation.hs	production	runtime	Main	Reachable from Main
Application/Error/Parser.hs	production	runtime	Main	Reachable from Main
Application/Error/Runtime.hs	production	runtime	Main	Reachable from Main
Application/Error/Startup.hs	production	runtime	Main	Reachable from Main
Application/Error/Telemetry.hs	production	runtime	Main	Reachable from Main
Application/Error/Transaction.hs	production	runtime	Main	Reachable from Main
Application/Error/Types.hs	production	runtime	Main	Reachable from Main
Application/Error/Types/Internal.hs	production	runtime	Main	Reachable from Main
Application/Error/Wire.hs	production	runtime	Main	Reachable from Main
Application/Feedback/Email.hs	production	runtime	Main	Reachable from Main
Application/Feedback/Notification.hs	production	runtime	Main	Reachable from Main
Application/Fixture.hs	development	fixture	-	Seed, profile, or test fixture outside deployed runtime closure
Application/Fixture/DevFixtures.hs	development	development-fixture	-	Synthetic local development data only
Application/Fixture/DevFixtures/Deterministic.hs	development	development-fixture	-	Synthetic local development data only
Application/Fixture/DevFixtures/Leave.hs	development	development-fixture	-	Synthetic local development data only
Application/Fixture/DevFixtures/Payroll.hs	development	development-fixture	-	Synthetic local development data only
Application/Fixture/DevFixtures/Roster.hs	development	development-fixture	-	Synthetic local development data only
Application/Fixture/DevFixtures/Staff.hs	development	development-fixture	-	Synthetic local development data only
Application/Fixture/Error.hs	development	fixture	-	Seed, profile, or test fixture outside deployed runtime closure
Application/Fixture/PayrollFixtures.hs	development	fixture	-	Seed, profile, or test fixture outside deployed runtime closure
Application/Fixture/Reset.hs	development	fixture	-	Seed, profile, or test fixture outside deployed runtime closure
Application/Fixture/Seed/Scenario.hs	development	fixture	-	Seed, profile, or test fixture outside deployed runtime closure
Application/Fixture/WageSourceFixtures.hs	development	fixture	-	Seed, profile, or test fixture outside deployed runtime closure
Application/FwcMapd/Client.hs	production	runtime	Main	Reachable from Main
Application/FwcMapd/Config.hs	production	runtime	Main	Reachable from Main
Application/FwcMapd/Curation.hs	production	runtime	Main	Reachable from Main
Application/FwcMapd/Error.hs	production	runtime	Main	Reachable from Main
Application/FwcMapd/Job.hs	production	runtime	Main	Reachable from Main
Application/FwcMapd/Payload.hs	production	runtime	Main	Reachable from Main
Application/FwcMapd/Projection.hs	production	runtime	Main	Reachable from Main
Application/FwcMapd/RawStore.hs	production	runtime	Main	Reachable from Main
Application/FwcMapd/Sync.hs	production	runtime	Main	Reachable from Main
Application/FwcMapd/Validation.hs	production	runtime	Main	Reachable from Main
Application/Helper/Audit.hs	production	runtime	Main	Reachable from Main
Application/Helper/Audit/Vocabulary.hs	production	runtime	Main	Reachable from Main
Application/Helper/ByteEncoding.hs	production	runtime	Main	Reachable from Main
Application/Helper/Conflict.hs	production	runtime	Main	Reachable from Main
Application/Helper/Controller.hs	production	runtime	Main	Reachable from Main
Application/Helper/Controller/Input.hs	production	runtime	Main	Reachable from Main
Application/Helper/ControllerAccess.hs	production	runtime	Main	Reachable from Main
Application/Helper/ControllerContext.hs	production	runtime	Main	Reachable from Main
Application/Helper/ControllerSupport.hs	production	runtime	Main	Reachable from Main
Application/Helper/EmailVerification.hs	production	runtime	Main	Reachable from Main
Application/Helper/Export.hs	production	runtime	Main	Reachable from Main
Application/Helper/Export/Definitions.hs	production	runtime	Main	Reachable from Main
Application/Helper/Export/HourlyBreakdown.hs	production	runtime	Main	Reachable from Main
Application/Helper/Export/Payloads.hs	production	runtime	Main	Reachable from Main
Application/Helper/Export/PayrollWorkbook.hs	production	runtime	Main	Reachable from Main
Application/Helper/Export/PayrollWorkbookConfiguration.hs	production	runtime	Main	Reachable from Main
Application/Helper/Export/PayrollWorkbookModel.hs	production	runtime	Main	Reachable from Main
Application/Helper/Export/Persistence.hs	production	runtime	Main	Reachable from Main
Application/Helper/Export/ReadModel.hs	production	runtime	Main	Reachable from Main
Application/Helper/Export/Render.hs	production	runtime	Main	Reachable from Main
Application/Helper/Export/Service.hs	production	runtime	Main	Reachable from Main
Application/Helper/Export/Types.hs	production	runtime	Main	Reachable from Main
Application/Helper/Feedback.hs	production	runtime	Main	Reachable from Main
Application/Helper/FeedbackType.hs	production	runtime	Main	Reachable from Main
Application/Helper/FrontendContract/App.hs	production	runtime	Main	Reachable from Main
Application/Helper/FrontendContract/AppShell.hs	production	runtime	Main	Reachable from Main
Application/Helper/FrontendContract/AppShell/Request.hs	production	runtime	Main	Reachable from Main
Application/Helper/FrontendContract/AppShell/Runtime.hs	production	runtime	Main	Reachable from Main
Application/Helper/FrontendContract/AppValues.hs	production	runtime	Main	Reachable from Main
Application/Helper/FrontendContract/ClosedScalar.hs	production	runtime	Main	Reachable from Main
Application/Helper/FrontendContract/ClosedScalars.hs	production	runtime	Main	Reachable from Main
Application/Helper/FrontendContract/Contracts.hs	development	build-tooling	-	Generator or architecture tooling outside deployed runtime closure
Application/Helper/FrontendContract/Core.hs	production	runtime	Main	Reachable from Main
Application/Helper/FrontendContract/DSL.hs	production	runtime	Main	Reachable from Main
Application/Helper/FrontendContract/Error.hs	production	runtime	Main	Reachable from Main
Application/Helper/FrontendContract/FeedbackDiagnostics.hs	production	runtime	Main	Reachable from Main
Application/Helper/FrontendContract/FeedbackDiagnostics/Runtime.hs	production	runtime	Main	Reachable from Main
Application/Helper/FrontendContract/HorizontalScroll.hs	production	runtime	Main	Reachable from Main
Application/Helper/FrontendContract/HorizontalScroll/Runtime.hs	production	runtime	Main	Reachable from Main
Application/Helper/FrontendContract/Htmx.hs	production	runtime	Main	Reachable from Main
Application/Helper/FrontendContract/IR.hs	production	runtime	Main	Reachable from Main
Application/Helper/FrontendContract/Interaction.hs	production	runtime	Main	Reachable from Main
Application/Helper/FrontendContract/LiveUpdate.hs	production	runtime	Main	Reachable from Main
Application/Helper/FrontendContract/LiveUpdateValues.hs	production	runtime	Main	Reachable from Main
Application/Helper/FrontendContract/Naming.hs	production	runtime	Main	Reachable from Main
Application/Helper/FrontendContract/OrderedRange.hs	production	runtime	Main	Reachable from Main
Application/Helper/FrontendContract/OrderedRange/Runtime.hs	production	runtime	Main	Reachable from Main
Application/Helper/FrontendContract/Overlay.hs	production	runtime	Main	Reachable from Main
Application/Helper/FrontendContract/Overlay/Runtime.hs	production	runtime	Main	Reachable from Main
Application/Helper/FrontendContract/Passkey.hs	production	runtime	Main	Reachable from Main
Application/Helper/FrontendContract/Passkey/Runtime.hs	production	runtime	Main	Reachable from Main
Application/Helper/FrontendContract/PwaInstall.hs	production	runtime	Main	Reachable from Main
Application/Helper/FrontendContract/PwaInstall/Runtime.hs	production	runtime	Main	Reachable from Main
Application/Helper/FrontendContract/Reflect.hs	production	runtime	Main	Reachable from Main
Application/Helper/FrontendContract/Reflect/Core.hs	production	runtime	Main	Reachable from Main
Application/Helper/FrontendContract/Registry.hs	production	runtime	Main	Reachable from Main
Application/Helper/FrontendContract/Surface/Admin.hs	production	runtime	Main	Reachable from Main
Application/Helper/FrontendContract/Surface/Admin/Action.hs	production	runtime	Main	Reachable from Main
Application/Helper/FrontendContract/Surface/Admin/Generated/Action.hs	production	runtime	Main	Reachable from Main
Application/Helper/FrontendContract/Surface/Admin/Generated/Live.hs	production	runtime	Main	Reachable from Main
Application/Helper/FrontendContract/Surface/Admin/Generated/Resource.hs	production	runtime	Main	Reachable from Main
Application/Helper/FrontendContract/Surface/Admin/HaskellAdapter.hs	production	runtime	Main	Reachable from Main
Application/Helper/FrontendContract/Surface/Admin/Live.hs	production	runtime	Main	Reachable from Main
Application/Helper/FrontendContract/Surface/Admin/Resource.hs	production	runtime	Main	Reachable from Main
Application/Helper/FrontendContract/Surface/Architecture.hs	development	build-tooling	-	Generator or architecture tooling outside deployed runtime closure
Application/Helper/FrontendContract/Surface/Attributes.hs	production	runtime	Main	Reachable from Main
Application/Helper/FrontendContract/Surface/Authorization.hs	production	runtime	Main	Reachable from Main
Application/Helper/FrontendContract/Surface/AuthorizationRequirement.hs	production	runtime	Main	Reachable from Main
Application/Helper/FrontendContract/Surface/Billing.hs	production	runtime	Main	Reachable from Main
Application/Helper/FrontendContract/Surface/Billing/Generated/Live.hs	production	runtime	Main	Reachable from Main
Application/Helper/FrontendContract/Surface/Billing/Generated/Resource.hs	production	runtime	Main	Reachable from Main
Application/Helper/FrontendContract/Surface/Billing/HaskellAdapter.hs	production	runtime	Main	Reachable from Main
Application/Helper/FrontendContract/Surface/Billing/Live.hs	production	runtime	Main	Reachable from Main
Application/Helper/FrontendContract/Surface/Billing/Resource.hs	production	runtime	Main	Reachable from Main
Application/Helper/FrontendContract/Surface/CompleteSetSort.hs	production	runtime	Main	Reachable from Main
Application/Helper/FrontendContract/Surface/ContractIR.hs	production	runtime	Main	Reachable from Main
Application/Helper/FrontendContract/Surface/Contracts.hs	production	runtime	Main	Reachable from Main
Application/Helper/FrontendContract/Surface/DSL.hs	production	runtime	Main	Reachable from Main
Application/Helper/FrontendContract/Surface/DependencyPlanner.hs	production	runtime	Main	Reachable from Main
Application/Helper/FrontendContract/Surface/Diagnostics.hs	production	runtime	Main	Reachable from Main
Application/Helper/FrontendContract/Surface/Dto.hs	production	runtime	Main	Reachable from Main
Application/Helper/FrontendContract/Surface/FragmentRender.hs	production	runtime	Main	Reachable from Main
Application/Helper/FrontendContract/Surface/HaskellAdapter/Association.hs	production	runtime	Main	Reachable from Main
Application/Helper/FrontendContract/Surface/HaskellAdapter/Core.hs	production	runtime	Main	Reachable from Main
Application/Helper/FrontendContract/Surface/HaskellAdapter/Family.hs	production	runtime	Main	Reachable from Main
Application/Helper/FrontendContract/Surface/HaskellAdapter/Generator.hs	development	build-tooling	-	Generator or architecture tooling outside deployed runtime closure
Application/Helper/FrontendContract/Surface/HaskellAdapter/Live.hs	development	build-tooling	-	Generator or architecture tooling outside deployed runtime closure
Application/Helper/FrontendContract/Surface/HaskellAdapter/Registry.hs	development	build-tooling	-	Generator or architecture tooling outside deployed runtime closure
Application/Helper/FrontendContract/Surface/HaskellAdapter/Request.hs	development	build-tooling	-	Generator or architecture tooling outside deployed runtime closure
Application/Helper/FrontendContract/Surface/HaskellAdapter/Resource.hs	development	build-tooling	-	Generator or architecture tooling outside deployed runtime closure
Application/Helper/FrontendContract/Surface/Identity.hs	production	runtime	Main	Reachable from Main
Application/Helper/FrontendContract/Surface/Identity/Registered.hs	production	runtime	Main	Reachable from Main
Application/Helper/FrontendContract/Surface/Identity/Types.hs	production	runtime	Main	Reachable from Main
Application/Helper/FrontendContract/Surface/Interaction.hs	production	runtime	Main	Reachable from Main
Application/Helper/FrontendContract/Surface/LeaveRequests.hs	production	runtime	Main	Reachable from Main
Application/Helper/FrontendContract/Surface/LeaveRequests/Action.hs	production	runtime	Main	Reachable from Main
Application/Helper/FrontendContract/Surface/LeaveRequests/Generated/Action.hs	production	runtime	Main	Reachable from Main
Application/Helper/FrontendContract/Surface/LeaveRequests/Generated/Live.hs	production	runtime	Main	Reachable from Main
Application/Helper/FrontendContract/Surface/LeaveRequests/Generated/Resource.hs	production	runtime	Main	Reachable from Main
Application/Helper/FrontendContract/Surface/LeaveRequests/HaskellAdapter.hs	production	runtime	Main	Reachable from Main
Application/Helper/FrontendContract/Surface/LeaveRequests/Live.hs	production	runtime	Main	Reachable from Main
Application/Helper/FrontendContract/Surface/LeaveRequests/Resource.hs	production	runtime	Main	Reachable from Main
Application/Helper/FrontendContract/Surface/LeaveRequests/SidePanel.hs	production	runtime	Main	Reachable from Main
Application/Helper/FrontendContract/Surface/LeaveRequests/StaffPanel.hs	production	runtime	Main	Reachable from Main
Application/Helper/FrontendContract/Surface/LinkedHighlight.hs	production	runtime	Main	Reachable from Main
Application/Helper/FrontendContract/Surface/Live.hs	production	runtime	Main	Reachable from Main
Application/Helper/FrontendContract/Surface/Profile.hs	production	runtime	Main	Reachable from Main
Application/Helper/FrontendContract/Surface/Profile/Action.hs	production	runtime	Main	Reachable from Main
Application/Helper/FrontendContract/Surface/Profile/Generated/Action.hs	production	runtime	Main	Reachable from Main
Application/Helper/FrontendContract/Surface/Profile/Generated/Live.hs	production	runtime	Main	Reachable from Main
Application/Helper/FrontendContract/Surface/Profile/Generated/Resource.hs	production	runtime	Main	Reachable from Main
Application/Helper/FrontendContract/Surface/Profile/HaskellAdapter.hs	production	runtime	Main	Reachable from Main
Application/Helper/FrontendContract/Surface/Profile/Live.hs	production	runtime	Main	Reachable from Main
Application/Helper/FrontendContract/Surface/Profile/Resource.hs	production	runtime	Main	Reachable from Main
Application/Helper/FrontendContract/Surface/Reflect.hs	production	runtime	Main	Reachable from Main
Application/Helper/FrontendContract/Surface/Registry.hs	production	runtime	Main	Reachable from Main
Application/Helper/FrontendContract/Surface/Request.hs	production	runtime	Main	Reachable from Main
Application/Helper/FrontendContract/Surface/Request/Runtime.hs	production	runtime	Main	Reachable from Main
Application/Helper/FrontendContract/Surface/Request/Runtime/Internal.hs	production	runtime	Main	Reachable from Main
Application/Helper/FrontendContract/Surface/Resource.hs	production	runtime	Main	Reachable from Main
Application/Helper/FrontendContract/Surface/Resource/Internal.hs	production	runtime	Main	Reachable from Main
Application/Helper/FrontendContract/Surface/Roster.hs	production	runtime	Main	Reachable from Main
Application/Helper/FrontendContract/Surface/Roster/Action.hs	production	runtime	Main	Reachable from Main
Application/Helper/FrontendContract/Surface/Roster/Chrome.hs	production	runtime	Main	Reachable from Main
Application/Helper/FrontendContract/Surface/Roster/Generated/Action.hs	production	runtime	Main	Reachable from Main
Application/Helper/FrontendContract/Surface/Roster/Generated/Intent.hs	production	runtime	Main	Reachable from Main
Application/Helper/FrontendContract/Surface/Roster/Generated/Live.hs	production	runtime	Main	Reachable from Main
Application/Helper/FrontendContract/Surface/Roster/Generated/Resource.hs	production	runtime	Main	Reachable from Main
Application/Helper/FrontendContract/Surface/Roster/HaskellAdapter.hs	production	runtime	Main	Reachable from Main
Application/Helper/FrontendContract/Surface/Roster/ImageExport.hs	production	runtime	Main	Reachable from Main
Application/Helper/FrontendContract/Surface/Roster/Intent.hs	production	runtime	Main	Reachable from Main
Application/Helper/FrontendContract/Surface/Roster/Live.hs	production	runtime	Main	Reachable from Main
Application/Helper/FrontendContract/Surface/Roster/Resource.hs	production	runtime	Main	Reachable from Main
Application/Helper/FrontendContract/Surface/Roster/SidePanel.hs	production	runtime	Main	Reachable from Main
Application/Helper/FrontendContract/Surface/Roster/StaffPanel.hs	production	runtime	Main	Reachable from Main
Application/Helper/FrontendContract/Surface/Roster/WeekOverview.hs	production	runtime	Main	Reachable from Main
Application/Helper/FrontendContract/Surface/Runtime.hs	production	runtime	Main	Reachable from Main
Application/Helper/FrontendContract/Surface/SelfServiceLeave.hs	production	runtime	Main	Reachable from Main
Application/Helper/FrontendContract/Surface/SelfServiceLeave/Action.hs	production	runtime	Main	Reachable from Main
Application/Helper/FrontendContract/Surface/SelfServiceLeave/Generated/Action.hs	production	runtime	Main	Reachable from Main
Application/Helper/FrontendContract/Surface/SelfServiceLeave/Generated/Live.hs	production	runtime	Main	Reachable from Main
Application/Helper/FrontendContract/Surface/SelfServiceLeave/Generated/Resource.hs	production	runtime	Main	Reachable from Main
Application/Helper/FrontendContract/Surface/SelfServiceLeave/HaskellAdapter.hs	production	runtime	Main	Reachable from Main
Application/Helper/FrontendContract/Surface/SelfServiceLeave/Live.hs	production	runtime	Main	Reachable from Main
Application/Helper/FrontendContract/Surface/SelfServiceLeave/Resource.hs	production	runtime	Main	Reachable from Main
Application/Helper/FrontendContract/Surface/SemanticIR.hs	production	runtime	Main	Reachable from Main
Application/Helper/FrontendContract/Surface/SidePanel.hs	production	runtime	Main	Reachable from Main
Application/Helper/FrontendContract/Surface/Support.hs	production	runtime	Main	Reachable from Main
Application/Helper/FrontendContract/Surface/Support/Action.hs	production	runtime	Main	Reachable from Main
Application/Helper/FrontendContract/Surface/Support/Generated/Action.hs	production	runtime	Main	Reachable from Main
Application/Helper/FrontendContract/Surface/Support/Generated/Live.hs	production	runtime	Main	Reachable from Main
Application/Helper/FrontendContract/Surface/Support/Generated/Resource.hs	production	runtime	Main	Reachable from Main
Application/Helper/FrontendContract/Surface/Support/HaskellAdapter.hs	production	runtime	Main	Reachable from Main
Application/Helper/FrontendContract/Surface/Support/Live.hs	production	runtime	Main	Reachable from Main
Application/Helper/FrontendContract/Surface/Support/Resource.hs	production	runtime	Main	Reachable from Main
Application/Helper/FrontendContract/Surface/TabSet.hs	production	runtime	Main	Reachable from Main
Application/Helper/FrontendContract/Surface/Timesheets.hs	production	runtime	Main	Reachable from Main
Application/Helper/FrontendContract/Surface/Timesheets/Action.hs	production	runtime	Main	Reachable from Main
Application/Helper/FrontendContract/Surface/Timesheets/Generated/Action.hs	production	runtime	Main	Reachable from Main
Application/Helper/FrontendContract/Surface/Timesheets/Generated/Live.hs	production	runtime	Main	Reachable from Main
Application/Helper/FrontendContract/Surface/Timesheets/Generated/Resource.hs	production	runtime	Main	Reachable from Main
Application/Helper/FrontendContract/Surface/Timesheets/HaskellAdapter.hs	production	runtime	Main	Reachable from Main
Application/Helper/FrontendContract/Surface/Timesheets/Live.hs	production	runtime	Main	Reachable from Main
Application/Helper/FrontendContract/Surface/Timesheets/Resource.hs	production	runtime	Main	Reachable from Main
Application/Helper/FrontendContract/Surface/Timesheets/SidePanel.hs	production	runtime	Main	Reachable from Main
Application/Helper/FrontendContract/Surface/Timesheets/StaffPanel.hs	production	runtime	Main	Reachable from Main
Application/Helper/FrontendContract/Surface/Values.hs	production	runtime	Main	Reachable from Main
Application/Helper/FrontendContract/TimePicker.hs	production	runtime	Main	Reachable from Main
Application/Helper/FrontendContract/TimePicker/Runtime.hs	production	runtime	Main	Reachable from Main
Application/Helper/FrontendContract/Toggle.hs	production	runtime	Main	Reachable from Main
Application/Helper/FrontendContract/Toggle/Runtime.hs	production	runtime	Main	Reachable from Main
Application/Helper/FrontendContract/TypeError.hs	production	runtime	Main	Reachable from Main
Application/Helper/FrontendContract/TypeScript.hs	development	build-tooling	-	Generator or architecture tooling outside deployed runtime closure
Application/Helper/FrontendContract/UiRegion.hs	production	runtime	Main	Reachable from Main
Application/Helper/FrontendContract/Values.hs	production	runtime	Main	Reachable from Main
Application/Helper/FrontendContract/Wire/Carrier.hs	production	runtime	Main	Reachable from Main
Application/Helper/FrontendContract/Wire/Json.hs	production	runtime	Main	Reachable from Main
Application/Helper/FrontendContract/Wire/LiveUpdate.hs	production	runtime	Main	Reachable from Main
Application/Helper/FrontendContract/Wire/Passkey.hs	production	runtime	Main	Reachable from Main
Application/Helper/FrontendContract/XeroCandidateFilter.hs	production	runtime	Main	Reachable from Main
Application/Helper/FrontendContract/XeroCandidateFilter/Runtime.hs	production	runtime	Main	Reachable from Main
Application/Helper/FwcMapd.hs	production	runtime	Main	Reachable from Main
Application/Helper/Hasql.hs	production	runtime	Main	Reachable from Main
Application/Helper/Htmx.hs	production	runtime	Main	Reachable from Main
Application/Helper/Impersonation.hs	production	runtime	Main	Reachable from Main
Application/Helper/InvitationStatus.hs	production	runtime	Main	Reachable from Main
Application/Helper/JobStatus.hs	production	runtime	Main	Reachable from Main
Application/Helper/LiveUpdate.hs	production	runtime	Main	Reachable from Main
Application/Helper/LiveUpdate/DurableCodec.hs	production	runtime	Main	Reachable from Main
Application/Helper/LiveUpdate/DurableListener.hs	production	runtime	Main	Reachable from Main
Application/Helper/LiveUpdate/DurablePublisher.hs	production	runtime	Main	Reachable from Main
Application/Helper/LiveUpdate/DurableState.hs	production	runtime	Main	Reachable from Main
Application/Helper/LiveUpdate/Internal.hs	production	runtime	Main	Reachable from Main
Application/Helper/LiveUpdate/OutboxPruning.hs	production	operational-script-closure	Application.Script.LiveInvalidationOutboxPrune	Reachable from Application.Script.LiveInvalidationOutboxPrune
Application/Helper/LiveUpdate/Runtime.hs	production	runtime	Main	Reachable from Main
Application/Helper/Mail.hs	production	runtime	Main	Reachable from Main
Application/Helper/NominalText.hs	production	runtime	Main	Reachable from Main
Application/Helper/OpaqueToken.hs	production	runtime	Main	Reachable from Main
Application/Helper/PasskeyRecoveryCodes.hs	production	runtime	Main	Reachable from Main
Application/Helper/PasskeySetupTokens.hs	production	runtime	Main	Reachable from Main
Application/Helper/Passkeys.hs	production	runtime	Main	Reachable from Main
Application/Helper/PasswordResetTokens.hs	production	runtime	Main	Reachable from Main
Application/Helper/Pay.hs	production	runtime	Main	Reachable from Main
Application/Helper/ProfileLeave.hs	production	runtime	Main	Reachable from Main
Application/Helper/Profiling.hs	production	runtime	Main	Reachable from Main
Application/Helper/Profiling/Runtime.hs	production	runtime	Main	Reachable from Main
Application/Helper/RosterAwardDuration.hs	production	runtime	Main	Reachable from Main
Application/Helper/RosterGroups.hs	production	runtime	Main	Reachable from Main
Application/Helper/RosterTimesheetBoundaries.hs	production	runtime	Main	Reachable from Main
Application/Helper/RosterWagePrediction.hs	production	runtime	Main	Reachable from Main
Application/Helper/SessionVersion.hs	production	runtime	Main	Reachable from Main
Application/Helper/ShiftTypeColours.hs	production	runtime	Main	Reachable from Main
Application/Helper/Staff.hs	production	runtime	Main	Reachable from Main
Application/Helper/StaffShiftPreferences.hs	production	runtime	Main	Reachable from Main
Application/Helper/SurfaceResource.hs	production	runtime	Main	Reachable from Main
Application/Helper/Telemetry.hs	production	runtime	Main	Reachable from Main
Application/Helper/Telemetry/Semantic.hs	production	runtime	Main	Reachable from Main
Application/Helper/TimeRules.hs	production	runtime	Main	Reachable from Main
Application/Helper/TimesheetPayLedger.hs	production	runtime	Main	Reachable from Main
Application/Helper/UiRegion.hs	production	runtime	Main	Reachable from Main
Application/Helper/Url.hs	production	runtime	Main	Reachable from Main
Application/Helper/UserPreferences.hs	production	runtime	Main	Reachable from Main
Application/Helper/VenueBootstrap.hs	production	runtime	Main	Reachable from Main
Application/Helper/VenueInvitation.hs	production	runtime	Main	Reachable from Main
Application/Helper/VenueOnboardingInvitation.hs	production	runtime	Main	Reachable from Main
Application/Helper/VenueScopedQueries.hs	production	runtime	Main	Reachable from Main
Application/Helper/View.hs	production	runtime	Main	Reachable from Main
Application/Helper/View/Audience.hs	production	runtime	Main	Reachable from Main
Application/Helper/View/Awards.hs	production	runtime	Main	Reachable from Main
Application/Helper/View/Chrome.hs	production	runtime	Main	Reachable from Main
Application/Helper/View/Format.hs	production	runtime	Main	Reachable from Main
Application/Helper/View/Leave.hs	production	runtime	Main	Reachable from Main
Application/Helper/View/Oob.hs	production	runtime	Main	Reachable from Main
Application/Helper/View/Overlay.hs	production	runtime	Main	Reachable from Main
Application/Helper/View/PageHelp.hs	production	runtime	Main	Reachable from Main
Application/Helper/View/Passkey.hs	production	runtime	Main	Reachable from Main
Application/Helper/View/SidePanel.hs	production	runtime	Main	Reachable from Main
Application/Helper/View/Staff.hs	production	runtime	Main	Reachable from Main
Application/Helper/View/StaffDialogs.hs	production	runtime	Main	Reachable from Main
Application/Helper/View/Status.hs	production	runtime	Main	Reachable from Main
Application/Helper/View/TimeOccurrence.hs	production	runtime	Main	Reachable from Main
Application/Helper/View/TimePicker.hs	production	runtime	Main	Reachable from Main
Application/Helper/View/Timesheets.hs	production	runtime	Main	Reachable from Main
Application/Helper/View/Toast.hs	production	runtime	Main	Reachable from Main
Application/Helper/View/ToggleButton.hs	production	runtime	Main	Reachable from Main
Application/Helper/View/UiRegion.hs	production	runtime	Main	Reachable from Main
Application/Helper/View/VenueBootstrap.hs	production	runtime	Main	Reachable from Main
Application/Helper/View/WeekToolbar.hs	production	runtime	Main	Reachable from Main
Application/Helper/WeekBoundaries.hs	production	runtime	Main	Reachable from Main
Application/Helper/Xero.hs	production	runtime	Main	Reachable from Main
Application/Helper/Xero/Types.hs	production	runtime	Main	Reachable from Main
Application/Helper/XeroAdminTypes.hs	production	runtime	Main	Reachable from Main
Application/Helper/XeroPayItems.hs	production	runtime	Main	Reachable from Main
Application/Helper/XeroTimesheetReadiness.hs	production	runtime	Main	Reachable from Main
Application/InvitationDelivery/Email.hs	production	runtime	Main	Reachable from Main
Application/InvitationDelivery/Enqueue.hs	production	runtime	Main	Reachable from Main
Application/InvitationDelivery/Types.hs	production	runtime	Main	Reachable from Main
Application/Job/App.hs	production	runtime	Main	Reachable from Main
Application/Legal/Documents.hs	production	runtime	Main	Reachable from Main
Application/Operator/Error.hs	production	operational-script-closure	Application.Script.BackfillTimesheetPayLedger	Reachable from Application.Script.BackfillTimesheetPayLedger
Application/PasswordReset/Mutations.hs	production	runtime	Main	Reachable from Main
Application/PayAssignment.hs	production	runtime	Main	Reachable from Main
Application/PayRateSelection.hs	production	runtime	Main	Reachable from Main
Application/PublicHolidays/Coverage.hs	production	runtime	Main	Reachable from Main
Application/PublicHolidays/Job.hs	production	runtime	Main	Reachable from Main
Application/PublicHolidays/Policy.hs	production	runtime	Main	Reachable from Main
Application/PublicHolidays/Sync.hs	production	runtime	Main	Reachable from Main
Application/RosterNotification.hs	production	runtime	Main	Reachable from Main
Application/RosterNotification/Email.hs	production	runtime	Main	Reachable from Main
Application/RosterNotification/Mutations.hs	production	runtime	Main	Reachable from Main
Application/RosterPublication.hs	production	runtime	Main	Reachable from Main
Application/RosterPublication/Mutations.hs	production	runtime	Main	Reachable from Main
Application/RosterShiftAssignment.hs	production	runtime	Main	Reachable from Main
Application/RosterTemplates.hs	production	runtime	Main	Reachable from Main
Application/RosterTemplates/Mutations.hs	production	runtime	Main	Reachable from Main
Application/Script/BackfillTimesheetPayLedger.hs	production	operational-script-closure	Application.Script.BackfillTimesheetPayLedger	Reachable from Application.Script.BackfillTimesheetPayLedger
Application/Script/BillingReconciliationSweep.hs	production	operational-script-closure	Application.Script.BillingReconciliationSweep	Reachable from Application.Script.BillingReconciliationSweep
Application/Script/BootstrapAccount.hs	production	operational-script-closure	Application.Script.BootstrapAccount	Reachable from Application.Script.BootstrapAccount
Application/Script/FwcMapdRefreshSweep.hs	production	operational-script-closure	Application.Script.FwcMapdRefreshSweep	Reachable from Application.Script.FwcMapdRefreshSweep
Application/Script/GenerateBepisArchitectureContracts.hs	development	architecture-generator	-	Repository architecture generation only; runnable from the development shell
Application/Script/GenerateFrontendContracts.hs	development	contract-generator	-	Checked frontend contract generation only; runnable from the development shell
Application/Script/GenerateFrontendSurfaceAdapters.hs	development	contract-generator	-	Checked Haskell adapter generation only; runnable from the development shell
Application/Script/LiveInvalidationOutboxPrune.hs	production	operational-script-closure	Application.Script.LiveInvalidationOutboxPrune	Reachable from Application.Script.LiveInvalidationOutboxPrune
Application/Script/Prelude.hs	production	operational-script-closure	Application.Script.BackfillTimesheetPayLedger	Reachable from Application.Script.BackfillTimesheetPayLedger
Application/Script/ProfileLiveInvalidation.hs	development	performance-probe	-	Low-rate profiling probe only; runnable from the development shell
Application/Script/PublicHolidayRefreshSweep.hs	production	operational-script-closure	Application.Script.PublicHolidayRefreshSweep	Reachable from Application.Script.PublicHolidayRefreshSweep
Application/Script/RsaReminderSweep.hs	production	operational-script-closure	Application.Script.RsaReminderSweep	Reachable from Application.Script.RsaReminderSweep
Application/Script/SeedDev.hs	development	development-seed	-	Destructive local development seed only; runnable from the development shell
Application/Script/SeedPayrollFixture.hs	development	development-fixture	-	Manual fixture entry point with no deployment consumer
Application/Script/SeedProfile.hs	development	performance-fixture	-	Synthetic profiling dataset generator; runnable from the development shell
Application/Script/SyncFwcMapd.hs	development	operator-development-tool	-	Interactive source sync tool with no NixOS or deployment consumer; runnable from the development shell
Application/Script/XeroKeepaliveSweep.hs	production	operational-script-closure	Application.Script.XeroKeepaliveSweep	Reachable from Application.Script.XeroKeepaliveSweep
Application/Script/XeroPayItemProbe.hs	development	integration-probe	-	Guarded Xero diagnostic probe only; runnable from the development shell
Application/Staff/Mutations.hs	production	runtime	Main	Reachable from Main
Application/StaffDefaults.hs	production	runtime	Main	Reachable from Main
Application/StaffDocuments/Rsa.hs	production	runtime	Main	Reachable from Main
Application/StaffDocuments/Rsa/Email.hs	production	runtime	Main	Reachable from Main
Application/StaffDocuments/RsaExtraction.hs	production	runtime	Main	Reachable from Main
Application/Support/LiveUpdates.hs	production	runtime	Main	Reachable from Main
Application/TimesheetApproval.hs	production	runtime	Main	Reachable from Main
Application/TimesheetApproval/Error.hs	production	runtime	Main	Reachable from Main
Application/UnavailabilityBlackout/Mutations.hs	production	runtime	Main	Reachable from Main
Application/VenueInvitation/Mutations.hs	production	runtime	Main	Reachable from Main
Application/VenueOnboardingInvitation/Mutations.hs	production	runtime	Main	Reachable from Main
Application/VenueRole.hs	production	runtime	Main	Reachable from Main
Application/VenueTime.hs	production	runtime	Main	Reachable from Main
Application/VenueTime/Model.hs	production	runtime	Main	Reachable from Main
Application/WageEngine.hs	production	runtime	Main	Reachable from Main
Application/WageEngine/Adapter.hs	production	runtime	Main	Reachable from Main
Application/WageEngine/Components.hs	production	runtime	Main	Reachable from Main
Application/WageEngine/RateBook.hs	production	runtime	Main	Reachable from Main
Application/WageEngine/Rounding.hs	production	runtime	Main	Reachable from Main
Application/WageEngine/Rules.hs	production	runtime	Main	Reachable from Main
Application/WageEngine/Types.hs	production	runtime	Main	Reachable from Main
Application/WageEvaluation.hs	production	runtime	Main	Reachable from Main
Application/WagePublication.hs	production	runtime	Main	Reachable from Main
Application/WageSourceAlert/Email.hs	production	runtime	Main	Reachable from Main
Application/WageSourceAlert/Job.hs	production	runtime	Main	Reachable from Main
Application/WageSourceAlert/Types.hs	production	runtime	Main	Reachable from Main
Application/WageSourceEnforcement.hs	production	runtime	Main	Reachable from Main
Application/WageSourceFacts.hs	production	runtime	Main	Reachable from Main
Application/WageSourceNotification/Email.hs	production	runtime	Main	Reachable from Main
Application/WageSourceNotification/Fingerprint.hs	production	runtime	Main	Reachable from Main
Application/WageSourceNotifications.hs	production	runtime	Main	Reachable from Main
Application/WageSourcePolicy.hs	production	runtime	Main	Reachable from Main
Application/Xero/Admin/ImportedPayItems.hs	production	runtime	Main	Reachable from Main
Application/Xero/Admin/PayItems.hs	production	runtime	Main	Reachable from Main
Application/Xero/Admin/ReadModel.hs	production	runtime	Main	Reachable from Main
Application/Xero/Admin/ReferenceData.hs	production	runtime	Main	Reachable from Main
Application/Xero/Admin/ReferenceSyncPolicy.hs	production	runtime	Main	Reachable from Main
Application/Xero/Connection.hs	production	runtime	Main	Reachable from Main
Application/Xero/EmployeeId.hs	production	runtime	Main	Reachable from Main
Application/Xero/Keepalive.hs	production	runtime	Main	Reachable from Main
Application/Xero/PayrollSourceKey.hs	production	runtime	Main	Reachable from Main
Application/Xero/ReferenceCategory.hs	production	runtime	Main	Reachable from Main
Application/Xero/ReferenceDemand.hs	production	runtime	Main	Reachable from Main
Application/Xero/ReferenceSyncJob.hs	production	runtime	Main	Reachable from Main
Application/Xero/ReferenceSyncRequest.hs	production	runtime	Main	Reachable from Main
Application/Xero/ReferenceTrust.hs	production	runtime	Main	Reachable from Main
Application/Xero/ReferenceTrust/Presentation.hs	production	runtime	Main	Reachable from Main
Application/Xero/ReferenceTrust/ReadModel.hs	production	runtime	Main	Reachable from Main
Application/Xero/ReferenceTrust/Service.hs	production	runtime	Main	Reachable from Main
Application/Xero/StaffMappings.hs	production	runtime	Main	Reachable from Main
Application/Xero/Timesheets/BucketKey.hs	production	runtime	Main	Reachable from Main
Application/Xero/Timesheets/Buckets.hs	production	runtime	Main	Reachable from Main
Application/Xero/Timesheets/Diagnostic.hs	production	runtime	Main	Reachable from Main
Application/Xero/Timesheets/Error.hs	production	runtime	Main	Reachable from Main
Application/Xero/Timesheets/LateBindings.hs	production	runtime	Main	Reachable from Main
Application/Xero/Timesheets/Prepare.hs	production	runtime	Main	Reachable from Main
Application/Xero/Timesheets/Prepare/Helpers.hs	production	runtime	Main	Reachable from Main
Application/Xero/Timesheets/Preview.hs	production	runtime	Main	Reachable from Main
Application/Xero/Timesheets/ProviderWrite.hs	production	runtime	Main	Reachable from Main
Application/Xero/Timesheets/Reconciliation.hs	production	runtime	Main	Reachable from Main
Application/Xero/Timesheets/ReconciliationReview.hs	production	runtime	Main	Reachable from Main
Application/Xero/Timesheets/Reservation.hs	production	runtime	Main	Reachable from Main
Application/Xero/Timesheets/Submission.hs	production	runtime	Main	Reachable from Main
Application/Xero/WorkflowState.hs	production	runtime	Main	Reachable from Main
Config/Config.hs	production	runtime	Main	Reachable from Main
Main.hs	production	runtime	Main	Reachable from Main
Web/Admin/FrontendSurface.hs	production	runtime	Main	Reachable from Main
Web/Admin/Mutations.hs	production	runtime	Main	Reachable from Main
Web/Admin/RosterWindowStartDay.hs	production	runtime	Main	Reachable from Main
Web/Admin/Xero/Mutations.hs	production	runtime	Main	Reachable from Main
Web/Billing/FrontendSurface.hs	production	runtime	Main	Reachable from Main
Web/Billing/Mutations.hs	production	runtime	Main	Reachable from Main
Web/Controller/Admin.hs	production	runtime	Main	Reachable from Main
Web/Controller/Admin/Support.hs	production	runtime	Main	Reachable from Main
Web/Controller/Admin/Xero.hs	production	runtime	Main	Reachable from Main
Web/Controller/Admin/Xero/Connection.hs	production	runtime	Main	Reachable from Main
Web/Controller/Admin/Xero/ImportedPayItems.hs	production	runtime	Main	Reachable from Main
Web/Controller/Admin/Xero/ReferenceSync.hs	production	runtime	Main	Reachable from Main
Web/Controller/Admin/Xero/Responses.hs	production	runtime	Main	Reachable from Main
Web/Controller/Admin/Xero/StaffMappings.hs	production	runtime	Main	Reachable from Main
Web/Controller/Admin/Xero/Timesheets.hs	production	runtime	Main	Reachable from Main
Web/Controller/Auth.hs	production	runtime	Main	Reachable from Main
Web/Controller/Billing.hs	production	runtime	Main	Reachable from Main
Web/Controller/E2ETest.hs	production	runtime	Main	Reachable from Main
Web/Controller/Exports.hs	production	runtime	Main	Reachable from Main
Web/Controller/Feedback.hs	production	runtime	Main	Reachable from Main
Web/Controller/Help.hs	production	runtime	Main	Reachable from Main
Web/Controller/LeaveRequests.hs	production	runtime	Main	Reachable from Main
Web/Controller/LiveUpdates.hs	production	runtime	Main	Reachable from Main
Web/Controller/Passkeys.hs	production	runtime	Main	Reachable from Main
Web/Controller/PasswordResets.hs	production	runtime	Main	Reachable from Main
Web/Controller/Prelude.hs	production	runtime	Main	Reachable from Main
Web/Controller/Profiles.hs	production	runtime	Main	Reachable from Main
Web/Controller/RosterTemplates.hs	production	runtime	Main	Reachable from Main
Web/Controller/RosterWeeks.hs	production	runtime	Main	Reachable from Main
Web/Controller/RosterWeeks/Validation.hs	production	runtime	Main	Reachable from Main
Web/Controller/Sessions.hs	production	runtime	Main	Reachable from Main
Web/Controller/Staff.hs	production	runtime	Main	Reachable from Main
Web/Controller/StaffDocuments.hs	production	runtime	Main	Reachable from Main
Web/Controller/StaffProfileValidation.hs	production	runtime	Main	Reachable from Main
Web/Controller/Static.hs	production	runtime	Main	Reachable from Main
Web/Controller/StripeWebhooks.hs	production	runtime	Main	Reachable from Main
Web/Controller/Support.hs	production	runtime	Main	Reachable from Main
Web/Controller/Timesheets.hs	production	runtime	Main	Reachable from Main
Web/Controller/Users.hs	production	runtime	Main	Reachable from Main
Web/Exports/Mutations.hs	production	runtime	Main	Reachable from Main
Web/FrontController.hs	production	runtime	Main	Reachable from Main
Web/LeaveRequests/AvailabilityWarnings.hs	production	runtime	Main	Reachable from Main
Web/LeaveRequests/Blackouts.hs	production	runtime	Main	Reachable from Main
Web/LeaveRequests/FrontendSurface.hs	production	runtime	Main	Reachable from Main
Web/LeaveRequests/Mutations.hs	production	runtime	Main	Reachable from Main
Web/LeaveRequests/ReadModel.hs	production	runtime	Main	Reachable from Main
Web/LeaveRequests/SelfService.hs	production	runtime	Main	Reachable from Main
Web/Mail/Billing/Notification.hs	production	runtime	Main	Reachable from Main
Web/Mail/FeedbackNotification.hs	production	runtime	Main	Reachable from Main
Web/Mail/RosterNotification.hs	production	runtime	Main	Reachable from Main
Web/Mail/Shared.hs	production	runtime	Main	Reachable from Main
Web/Mail/StaffDocuments/RsaReminder.hs	production	runtime	Main	Reachable from Main
Web/Mail/Users/EmailVerification.hs	production	runtime	Main	Reachable from Main
Web/Mail/Users/PasskeySetupLink.hs	production	runtime	Main	Reachable from Main
Web/Mail/Users/PasswordReset.hs	production	runtime	Main	Reachable from Main
Web/Mail/Users/VenueInvitation.hs	production	runtime	Main	Reachable from Main
Web/Mail/Users/VenueOnboardingInvitation.hs	production	runtime	Main	Reachable from Main
Web/Mail/WageSourceAlert.hs	production	runtime	Main	Reachable from Main
Web/Mail/WageSourceDrift.hs	production	runtime	Main	Reachable from Main
Web/Profiles/FrontendSurface.hs	production	runtime	Main	Reachable from Main
Web/Profiles/Mutations.hs	production	runtime	Main	Reachable from Main
Web/RosterTemplates/Mutations.hs	production	runtime	Main	Reachable from Main
Web/RosterWeeks/AvailabilityInputs.hs	production	runtime	Main	Reachable from Main
Web/RosterWeeks/Capabilities.hs	production	runtime	Main	Reachable from Main
Web/RosterWeeks/DateRange.hs	production	runtime	Main	Reachable from Main
Web/RosterWeeks/DirectReadModel.hs	production	runtime	Main	Reachable from Main
Web/RosterWeeks/Dom.hs	production	runtime	Main	Reachable from Main
Web/RosterWeeks/DropWorkflow.hs	production	runtime	Main	Reachable from Main
Web/RosterWeeks/Filters.hs	production	runtime	Main	Reachable from Main
Web/RosterWeeks/FrontendSurface.hs	production	runtime	Main	Reachable from Main
Web/RosterWeeks/Mutations.hs	production	runtime	Main	Reachable from Main
Web/RosterWeeks/Overview.hs	production	runtime	Main	Reachable from Main
Web/RosterWeeks/Paths.hs	production	runtime	Main	Reachable from Main
Web/RosterWeeks/Projection.hs	production	runtime	Main	Reachable from Main
Web/RosterWeeks/RenderData.hs	production	runtime	Main	Reachable from Main
Web/RosterWeeks/Responses.hs	production	runtime	Main	Reachable from Main
Web/RosterWeeks/Rows.hs	production	runtime	Main	Reachable from Main
Web/RosterWeeks/Service.hs	production	runtime	Main	Reachable from Main
Web/RosterWeeks/ShiftWorkflow.hs	production	runtime	Main	Reachable from Main
Web/RosterWeeks/StaffOptions.hs	production	runtime	Main	Reachable from Main
Web/RosterWeeks/SurfaceInvalidation.hs	production	runtime	Main	Reachable from Main
Web/RosterWeeks/TemplateApplication.hs	production	runtime	Main	Reachable from Main
Web/RosterWeeks/TemplateApplication/Persistence.hs	production	runtime	Main	Reachable from Main
Web/RosterWeeks/TemplateApplication/Types.hs	production	runtime	Main	Reachable from Main
Web/RosterWeeks/TemplateCapture.hs	production	runtime	Main	Reachable from Main
Web/RosterWeeks/Types.hs	production	runtime	Main	Reachable from Main
Web/RosterWeeks/VenueSettings.hs	production	runtime	Main	Reachable from Main
Web/RosterWeeks/WageFilter.hs	production	runtime	Main	Reachable from Main
Web/Routes.hs	production	runtime	Main	Reachable from Main
Web/Staff/Mutations.hs	production	runtime	Main	Reachable from Main
Web/Staff/ProfileSurfaceRequest.hs	production	runtime	Main	Reachable from Main
Web/StaffDocuments/Mutations.hs	production	runtime	Main	Reachable from Main
Web/SurfaceInvalidation.hs	production	runtime	Main	Reachable from Main
Web/Timesheets/Filters.hs	production	runtime	Main	Reachable from Main
Web/Timesheets/FrontendSurface.hs	production	runtime	Main	Reachable from Main
Web/Timesheets/Mutations.hs	production	runtime	Main	Reachable from Main
Web/Timesheets/Paths.hs	production	runtime	Main	Reachable from Main
Web/Timesheets/Projection.hs	production	runtime	Main	Reachable from Main
Web/Timesheets/Responses.hs	production	runtime	Main	Reachable from Main
Web/Timesheets/Suggestion.hs	production	runtime	Main	Reachable from Main
Web/Timesheets/Validation.hs	production	runtime	Main	Reachable from Main
Web/Timesheets/WageEstimates.hs	production	runtime	Main	Reachable from Main
Web/Types.hs	production	runtime	Main	Reachable from Main
Web/Users/Mutations.hs	production	runtime	Main	Reachable from Main
Web/View/Admin/Common.hs	production	runtime	Main	Reachable from Main
Web/View/Admin/Exports.hs	production	runtime	Main	Reachable from Main
Web/View/Admin/Index.hs	production	runtime	Main	Reachable from Main
Web/View/Admin/Invites.hs	production	runtime	Main	Reachable from Main
Web/View/Admin/PayrollWorkbookConfigurationDialog.hs	production	runtime	Main	Reachable from Main
Web/View/Admin/RosterGroups.hs	production	runtime	Main	Reachable from Main
Web/View/Admin/ShiftTypes.hs	production	runtime	Main	Reachable from Main
Web/View/Admin/VenueSettings.hs	production	runtime	Main	Reachable from Main
Web/View/Admin/Xero.hs	production	runtime	Main	Reachable from Main
Web/View/Admin/Xero/Connection.hs	production	runtime	Main	Reachable from Main
Web/View/Admin/Xero/ImportedPayItems.hs	production	runtime	Main	Reachable from Main
Web/View/Admin/Xero/StaffMappingDialog.hs	production	runtime	Main	Reachable from Main
Web/View/Admin/Xero/TimesheetPreparation.hs	production	runtime	Main	Reachable from Main
Web/View/Admin/Xero/TimesheetPreparation/Review.hs	production	runtime	Main	Reachable from Main
Web/View/Admin/Xero/TimesheetPreparation/StaffMappings.hs	production	runtime	Main	Reachable from Main
Web/View/Billing/Index.hs	production	runtime	Main	Reachable from Main
Web/View/Feedback/New.hs	production	runtime	Main	Reachable from Main
Web/View/Help/Show.hs	production	runtime	Main	Reachable from Main
Web/View/Layout.hs	production	runtime	Main	Reachable from Main
Web/View/LeaveRequests/Index.hs	production	runtime	Main	Reachable from Main
Web/View/LeaveRequests/New.hs	production	runtime	Main	Reachable from Main
Web/View/Passkeys/Management.hs	production	runtime	Main	Reachable from Main
Web/View/Passkeys/NewSetup.hs	production	runtime	Main	Reachable from Main
Web/View/Passkeys/SetupModal.hs	production	runtime	Main	Reachable from Main
Web/View/Passkeys/StepUp.hs	production	runtime	Main	Reachable from Main
Web/View/PasswordResets/Edit.hs	production	runtime	Main	Reachable from Main
Web/View/Prelude.hs	production	runtime	Main	Reachable from Main
Web/View/Profiles/Edit.hs	production	runtime	Main	Reachable from Main
Web/View/RosterTemplates/ApplicationConfirmation.hs	production	runtime	Main	Reachable from Main
Web/View/RosterTemplates/CaptureConfirmation.hs	production	runtime	Main	Reachable from Main
Web/View/RosterTemplates/DeleteConfirmation.hs	production	runtime	Main	Reachable from Main
Web/View/RosterWeeks/Grid.hs	production	runtime	Main	Reachable from Main
Web/View/RosterWeeks/Grid/Cells.hs	production	runtime	Main	Reachable from Main
Web/View/RosterWeeks/Header.hs	production	runtime	Main	Reachable from Main
Web/View/RosterWeeks/NotificationDialog.hs	production	runtime	Main	Reachable from Main
Web/View/RosterWeeks/OccurrenceDialog.hs	production	runtime	Main	Reachable from Main
Web/View/RosterWeeks/Overview.hs	production	runtime	Main	Reachable from Main
Web/View/RosterWeeks/SettingsPanel.hs	production	runtime	Main	Reachable from Main
Web/View/RosterWeeks/ShiftDialog.hs	production	runtime	Main	Reachable from Main
Web/View/RosterWeeks/Show.hs	production	runtime	Main	Reachable from Main
Web/View/RosterWeeks/StaffPanel.hs	production	runtime	Main	Reachable from Main
Web/View/RosterWeeks/StaffSelfServicePanel.hs	production	runtime	Main	Reachable from Main
Web/View/RosterWeeks/TemplatePanel.hs	production	runtime	Main	Reachable from Main
Web/View/RosterWeeks/Timeline.hs	production	runtime	Main	Reachable from Main
Web/View/Sessions/New.hs	production	runtime	Main	Reachable from Main
Web/View/Staff/Edit.hs	production	runtime	Main	Reachable from Main
Web/View/StaffDocuments/Rsa.hs	production	runtime	Main	Reachable from Main
Web/View/StaffDocuments/RsaScan.hs	production	runtime	Main	Reachable from Main
Web/View/StaffProfileForm.hs	production	runtime	Main	Reachable from Main
Web/View/StaffProfileSections.hs	production	runtime	Main	Reachable from Main
Web/View/Static/InstallApp.hs	production	runtime	Main	Reachable from Main
Web/View/Static/Welcome.hs	production	runtime	Main	Reachable from Main
Web/View/Support/Index.hs	production	runtime	Main	Reachable from Main
Web/View/Timesheets/Edit.hs	production	runtime	Main	Reachable from Main
Web/View/Timesheets/Index.hs	production	runtime	Main	Reachable from Main
Web/View/Timesheets/New.hs	production	runtime	Main	Reachable from Main
Web/View/Timesheets/SuggestedNew.hs	production	runtime	Main	Reachable from Main
Web/View/Users/New.hs	production	runtime	Main	Reachable from Main
Web/Worker.hs	production	runtime	Main	Reachable from Main
